crubel,crubelpass,Cody,Rubel,crubel@mail.usf.edu,603-393-9085
drocchi,drocchipass,Daniel,Rocchi,drocchi@mail.usf.edu,904-707-6593
tchao,tchaopass,Tony,Chao,tchao@mail.usf.edu,727-656-2898
jmantilla1,jmantilla1pass,Jose,Mantilla,jmantilla1@mail.usf.edu,305-775-6336
